Metric,Value
R2,0.8548854460416384
MAE,0.08065953074430904
MSE,0.014770626664127878
RMSE,0.1215344669800624
Num_Samples_Evaluated,924
