Metric,Value
Model_Name,MobileNetV2
R2,0.7854669316550393
MAE,0.09747298243757503
MSE,0.021836457978863237
RMSE,0.14777164132154463
Num_Samples_Evaluated,924
