Metric,Value
R2,0.7854669316550393
MAE,0.09747298243757503
MSE,0.021836457978863237
RMSE,0.14777164132154463
Num_Samples_Evaluated,924

Metric,Value
R2,0.860286014053124
MAE,0.07833117269680767
MSE,0.014220924572256557
RMSE,0.11925151811300583
Num_Samples_Evaluated,924

Metric,Value
R2,0.8548854460416384
MAE,0.08065953074430904
MSE,0.014770626664127878
RMSE,0.1215344669800624
Num_Samples_Evaluated,924
