Metric,Value
Model_Name,ResNet50V2
R2,0.8375914876908324
MAE,0.08510252572693944
MSE,0.016530909112558438
RMSE,0.12857258305159167
Num_Samples_Evaluated,924
