Metric,Value
R2,0.860286014053124
MAE,0.07833117269680767
MSE,0.014220924572256557
RMSE,0.11925151811300583
Num_Samples_Evaluated,924
